id,type,title,description,dependencies,effort,acceptance_criteria,prd_refs
T-001,database,核心数据表设计与索引,根据数据模型建立 申请单 相关数据表、字段约束与查询索引。,,M,表结构覆盖数据模型中全部字段;关键查询字段建立索引,申请单
T-002,backend,在线提交审批申请：后端接口,实现 在线提交审批申请 对应的接口、校验与权限控制。,T-001,M,FR-1 描述的能力可经 API 调用验证,FR-1
T-003,frontend,在线提交审批申请：页面实现,实现 在线提交审批申请 页面及多状态展示。,T-002,M,页面与原型信息架构一致;空/错误状态可见,FR-1
T-004,test,在线提交审批申请：测试用例,为 在线提交审批申请 编写功能、边界与异常用例。,T-002;T-003,M,覆盖正常路径与异常路径;用例通过率达到验收标准,FR-1
T-005,backend,多级审批流转：后端接口,实现 多级审批流转 对应的接口、校验与权限控制。,T-001,M,FR-2 描述的能力可经 API 调用验证,FR-2
T-006,frontend,多级审批流转：页面实现,实现 多级审批流转 页面及多状态展示。,T-005,M,页面与原型信息架构一致;空/错误状态可见,FR-2
T-007,test,多级审批流转：测试用例,为 多级审批流转 编写功能、边界与异常用例。,T-005;T-006,M,覆盖正常路径与异常路径;用例通过率达到验收标准,FR-2
T-008,backend,审批进度查询：后端接口,实现 审批进度查询 对应的接口、校验与权限控制。,T-001,S,FR-3 描述的能力可经 API 调用验证,FR-3
T-009,frontend,审批进度查询：页面实现,实现 审批进度查询 页面及多状态展示。,T-008,S,页面与原型信息架构一致;空/错误状态可见,FR-3
T-010,test,审批进度查询：测试用例,为 审批进度查询 编写功能、边界与异常用例。,T-008;T-009,S,覆盖正常路径与异常路径;用例通过率达到验收标准,FR-3
T-011,backend,历史记录导出：后端接口,实现 历史记录导出 对应的接口、校验与权限控制。,T-001,M,FR-4 描述的能力可经 API 调用验证,FR-4
T-012,frontend,历史记录导出：页面实现,实现 历史记录导出 页面及多状态展示。,T-011,M,页面与原型信息架构一致;空/错误状态可见,FR-4
T-013,test,历史记录导出：测试用例,为 历史记录导出 编写功能、边界与异常用例。,T-011;T-012,M,覆盖正常路径与异常路径;用例通过率达到验收标准,FR-4
T-014,backend,审批流配置：后端接口,实现 审批流配置 对应的接口、校验与权限控制。,T-001,M,FR-5 描述的能力可经 API 调用验证,FR-5
T-015,frontend,审批流配置：页面实现,实现 审批流配置 页面及多状态展示。,T-014,M,页面与原型信息架构一致;空/错误状态可见,FR-5
T-016,test,审批流配置：测试用例,为 审批流配置 编写功能、边界与异常用例。,T-014;T-015,M,覆盖正常路径与异常路径;用例通过率达到验收标准,FR-5
T-017,backend,幂等提交：后端接口,实现 幂等提交 对应的接口、校验与权限控制。,T-001,M,FR-6 描述的能力可经 API 调用验证,FR-6
T-018,frontend,幂等提交：页面实现,实现 幂等提交 页面及多状态展示。,T-017,M,页面与原型信息架构一致;空/错误状态可见,FR-6
T-019,test,幂等提交：测试用例,为 幂等提交 编写功能、边界与异常用例。,T-017;T-018,M,覆盖正常路径与异常路径;用例通过率达到验收标准,FR-6
T-020,backend,提交失败自动重试：后端接口,实现 提交失败自动重试 对应的接口、校验与权限控制。,T-001,S,FR-7 描述的能力可经 API 调用验证,FR-7
T-021,frontend,提交失败自动重试：页面实现,实现 提交失败自动重试 页面及多状态展示。,T-020,S,页面与原型信息架构一致;空/错误状态可见,FR-7
T-022,test,提交失败自动重试：测试用例,为 提交失败自动重试 编写功能、边界与异常用例。,T-020;T-021,S,覆盖正常路径与异常路径;用例通过率达到验收标准,FR-7
T-023,backend,列表分页加载：后端接口,实现 列表分页加载 对应的接口、校验与权限控制。,T-001,S,FR-8 描述的能力可经 API 调用验证,FR-8
T-024,frontend,列表分页加载：页面实现,实现 列表分页加载 页面及多状态展示。,T-023,S,页面与原型信息架构一致;空/错误状态可见,FR-8
T-025,test,列表分页加载：测试用例,为 列表分页加载 编写功能、边界与异常用例。,T-023;T-024,S,覆盖正常路径与异常路径;用例通过率达到验收标准,FR-8
